Copyright (c) 2000, 2018, Oracle, MariaDB Corporation Ab and others.

Type 'help;' or '\h' for help. Type '\c' to clear the current input statement.

MySQL [udacity]> select * from cars
    -> 
    -> ;
+-------------+------------+------+
| language_id | name       | year |
+-------------+------------+------+
|           1 | Buick      | 2016 |
+-------------+------------+------+
1 row in set (0.00 sec)

MySQL [udacity]> INSERT INTO cars (language_id, name, year) VALUES ("2", "Ferrari", "2020");
Query OK, 1 row affected (0.00 sec)

MySQL [udacity]> select * from cars;
+-------------+------------+------+
| language_id | name       | year |
+-------------+------------+------+
|           1 | Buick      | 2016 |
|           2 | Ferrari    | 2020 |
+-------------+------------+------+
2 rows in set (0.01 sec)

MySQL [udacity]> 